Channel ID,Channel URL,Channel title
UC-JQzTHQrVA8j-tamvy66fw,http://www.youtube.com/channel/UC-JQzTHQrVA8j-tamvy66fw,EJ Media
UC-T8W79DN6PBnzomelvqJYw,http://www.youtube.com/channel/UC-T8W79DN6PBnzomelvqJYw,James Q Quick
UC09fL42MpkktKZWmWxYiDhw,http://www.youtube.com/channel/UC09fL42MpkktKZWmWxYiDhw,Code Creative
UC0tRdbXVDbhaRvZPKsRgmxg,http://www.youtube.com/channel/UC0tRdbXVDbhaRvZPKsRgmxg,whatsdev
UC1fLEeYICmo3O9cUsqIi7HA,http://www.youtube.com/channel/UC1fLEeYICmo3O9cUsqIi7HA,Nick White
UC4JX40jDee_tINbkjycV4Sg,http://www.youtube.com/channel/UC4JX40jDee_tINbkjycV4Sg,Tech With Tim
UC59K-uG2A5ogwIrHw4bmlEg,http://www.youtube.com/channel/UC59K-uG2A5ogwIrHw4bmlEg,Telusko
UC5Wi_NYysX-LfcqT3Hq9Faw,http://www.youtube.com/channel/UC5Wi_NYysX-LfcqT3Hq9Faw,Dylan Israel
UC6vRUjYqDuoUsYsku86Lrsw,http://www.youtube.com/channel/UC6vRUjYqDuoUsYsku86Lrsw,Jack Herrington
UC6wdZf5Qi2fVtua42ravdVA,http://www.youtube.com/channel/UC6wdZf5Qi2fVtua42ravdVA,chocoolatericky
UC8PPJFudLUM1eJlM4BiJ40A,http://www.youtube.com/channel/UC8PPJFudLUM1eJlM4BiJ40A,CodeDict
UC8butISFwT-Wl7EV0hUK0BQ,http://www.youtube.com/channel/UC8butISFwT-Wl7EV0hUK0BQ,freeCodeCamp.org
UCCJjI0cY0EXpVT7_H3EpL9Q,http://www.youtube.com/channel/UCCJjI0cY0EXpVT7_H3EpL9Q,Shane Lee
UCFbNIlppjAuEX4znoulh0Cw,http://www.youtube.com/channel/UCFbNIlppjAuEX4znoulh0Cw,Web Dev Simplified
UCFxcvyt2Ucq5IL0_1Njzqlg,http://www.youtube.com/channel/UCFxcvyt2Ucq5IL0_1Njzqlg,LucidProgramming
UCKWaEZ-_VweaEx1j62do_vQ,http://www.youtube.com/channel/UCKWaEZ-_VweaEx1j62do_vQ,IBM Technology
UCKvwPt6BifPP54yzH99ff1g,http://www.youtube.com/channel/UCKvwPt6BifPP54yzH99ff1g,Kevin Naughton Jr.
UCNYv4HA3WjV3gZGLfBehRWQ,http://www.youtube.com/channel/UCNYv4HA3WjV3gZGLfBehRWQ,Noureddin Sadawi
UCOWWngv1kr1PHDIb6MWwnJA,http://www.youtube.com/channel/UCOWWngv1kr1PHDIb6MWwnJA,straight_code
UCPyST5UFOezhL7cErL0Zysw,http://www.youtube.com/channel/UCPyST5UFOezhL7cErL0Zysw,Michael White Dev
UCRLEADhMcb8WUdnQ5_Alk7g,http://www.youtube.com/channel/UCRLEADhMcb8WUdnQ5_Alk7g,Aaron Jack
UCRQhZGXC0WK85YRXl7nGX0w,http://www.youtube.com/channel/UCRQhZGXC0WK85YRXl7nGX0w,"All Things JavaScript, LLC"
UCRlWL2q80BnI4sA5ISrz9uw,http://www.youtube.com/channel/UCRlWL2q80BnI4sA5ISrz9uw,Finxter - Create Your Coding Business
UCTBGXCJHORQjivtgtMsmkAQ,http://www.youtube.com/channel/UCTBGXCJHORQjivtgtMsmkAQ,Steve Griffith - Prof3ssorSt3v3
UCTFArBSeDaR9BGAPPyv_xOA,http://www.youtube.com/channel/UCTFArBSeDaR9BGAPPyv_xOA,horsetrader
UCUOMtzQmEmhIAF8G_cha_Xw,http://www.youtube.com/channel/UCUOMtzQmEmhIAF8G_cha_Xw,Dorian Develops
UCW5YeuERMmlnqo4oq8vwUpg,http://www.youtube.com/channel/UCW5YeuERMmlnqo4oq8vwUpg,The Net Ninja
UCXJKOPxx4O1f63nnfsoiEug,http://www.youtube.com/channel/UCXJKOPxx4O1f63nnfsoiEug,Naveen AutomationLabs
UCZM8XQjNOyG2ElPpEUtNasA,http://www.youtube.com/channel/UCZM8XQjNOyG2ElPpEUtNasA,EatTheBlocks
UCZUyPT9DkJWmS_DzdOi7RIA,http://www.youtube.com/channel/UCZUyPT9DkJWmS_DzdOi7RIA,Caleb Curry
UC_ML5xP23TOWKUcc-oAE_Eg,http://www.youtube.com/channel/UC_ML5xP23TOWKUcc-oAE_Eg,Hussein Nasser
UCaWes1eWQ9TbzA695gl_PtA,http://www.youtube.com/channel/UCaWes1eWQ9TbzA695gl_PtA,Will it Scale
UCaiL2GDNpLYH6Wokkk1VNcg,http://www.youtube.com/channel/UCaiL2GDNpLYH6Wokkk1VNcg,mCoding
UCbBsRNBEBu5IRGdksCDvr5A,http://www.youtube.com/channel/UCbBsRNBEBu5IRGdksCDvr5A,Gyasi Linje
UCbTw29mcP12YlTt1EpUaVJw,http://www.youtube.com/channel/UCbTw29mcP12YlTt1EpUaVJw,Sean Allen
UCd-EhXGbXSozuzsAAdPIn3A,http://www.youtube.com/channel/UCd-EhXGbXSozuzsAAdPIn3A,Tuts+ Code
UCdi9Gt4ks_EWMSy79Bv_Shw,http://www.youtube.com/channel/UCdi9Gt4ks_EWMSy79Bv_Shw,Ben Nadel
UCe6ABcJkH_Gso9HJOt4x9fg,http://www.youtube.com/channel/UCe6ABcJkH_Gso9HJOt4x9fg,Jack of Some
UCfJT_eYDTmDE-ovKaxVE1ig,http://www.youtube.com/channel/UCfJT_eYDTmDE-ovKaxVE1ig,Kevin Stratvert
UCfzlCWGWYyIQ0aLC5w48gBQ,http://www.youtube.com/channel/UCfzlCWGWYyIQ0aLC5w48gBQ,sentdex
UCgGf1eq52dPTVuf1Njb57Hw,http://www.youtube.com/channel/UCgGf1eq52dPTVuf1Njb57Hw,edutechional
UCgMTcyEBwCfn7Z_rDYlMM0A,http://www.youtube.com/channel/UCgMTcyEBwCfn7Z_rDYlMM0A,John Philip Jones
UCgWS9Q3P5AxCWyQLT2kQhBw,http://www.youtube.com/channel/UCgWS9Q3P5AxCWyQLT2kQhBw,Moralis Web3
UCh_LSaTv2GeZ3woJNTGihew,http://www.youtube.com/channel/UCh_LSaTv2GeZ3woJNTGihew,Red Eyed Coder Club
UCjX0FtIZBBVD3YoCcxnDC4g,http://www.youtube.com/channel/UCjX0FtIZBBVD3YoCcxnDC4g,dcode
UCkCJ0zLrSg7VudR97g-FNVQ,http://www.youtube.com/channel/UCkCJ0zLrSg7VudR97g-FNVQ,Kenny Gunderman
UCkUq-s6z57uJFUFBvZIVTyg,http://www.youtube.com/channel/UCkUq-s6z57uJFUFBvZIVTyg,Indian Pythonista
UCnCc3T7bMgTRy-3Jaj_XFBg,http://www.youtube.com/channel/UCnCc3T7bMgTRy-3Jaj_XFBg,Avexta Education
UCoebwHSTvwalADTJhps0emA,http://www.youtube.com/channel/UCoebwHSTvwalADTJhps0emA,Wes Bos
UCrYmtJBtLdtm2ov84ulV-yg,http://www.youtube.com/channel/UCrYmtJBtLdtm2ov84ulV-yg,Ivan on Tech
UCrm-HTaESqxJXyxMcZFOHng,http://www.youtube.com/channel/UCrm-HTaESqxJXyxMcZFOHng,Dev World
UCrqAGUPPMOdo0jfQ6grikZw,http://www.youtube.com/channel/UCrqAGUPPMOdo0jfQ6grikZw,Colt Steele
UCsMica-v34Irf9KVTh6xx-g,http://www.youtube.com/channel/UCsMica-v34Irf9KVTh6xx-g,Microsoft Developer
UCsTV2_gPQ_44sPDQ6eHnGYg,http://www.youtube.com/channel/UCsTV2_gPQ_44sPDQ6eHnGYg,Make Data Useful
UCtxCXg-UvSnTKPOzLH4wJaQ,http://www.youtube.com/channel/UCtxCXg-UvSnTKPOzLH4wJaQ,Coding Tech
UCzL_0nIe8B4-7ShhVPfJkgw,http://www.youtube.com/channel/UCzL_0nIe8B4-7ShhVPfJkgw,Data Science Dojo

