Playlist ID,Channel ID,Time Created,Time Updated,Title,Description,Visibility
LLm_Y113QjZM7O0UM2_s_Zcw,UCm_Y113QjZM7O0UM2_s_Zcw,2021-04-27 03:39:41 UTC,2021-11-29 07:05:01 UTC,Liked videos,,Private

Video ID,Time Added
g9_6KmiBISk,2021-11-29 07:05:01 UTC
UukCbeW-IPc,2021-11-29 06:56:40 UTC
lHAeK8t94as,2021-11-27 04:49:28 UTC
KCHg9f2B1I8,2021-11-27 02:41:41 UTC
mlXj7c7UIE4,2021-11-26 23:26:08 UTC
pYI-UuZVtHI,2021-11-25 23:34:42 UTC
I2CdrKlPdAY,2021-11-25 22:33:59 UTC
KXMg7FRBl_k,2021-11-25 20:37:13 UTC
7m9EiRS_Kc0,2021-11-25 20:20:02 UTC
s1XVfm5mIuU,2021-11-25 08:11:59 UTC
TOhUqDGNFtA,2021-11-24 17:18:43 UTC
sArfaxG_nYg,2021-11-24 06:04:30 UTC
DIR_rxusO8Q,2021-11-23 22:41:01 UTC
jZ_BzV0DA58,2021-11-23 20:12:37 UTC
Im9ax7Kcn-U,2021-11-22 22:43:21 UTC
e_gUuaVOdLM,2021-11-19 02:47:19 UTC
Y9rHsdCxU8Q,2021-11-17 07:39:49 UTC
NpU1sZ9y0Oo,2021-11-16 21:41:03 UTC
m0dKwVpuTKg,2021-11-16 05:20:04 UTC
XMjs2jQ9SXU,2021-11-14 22:59:20 UTC
gq2AglURmiY,2021-11-14 19:13:53 UTC
d2HA4aaQjfI,2021-11-14 07:39:11 UTC
r0aKcxqplU0,2021-11-14 04:13:08 UTC
Ws6zCMdp9Es,2021-11-14 03:52:39 UTC
Tte80gYuM_w,2021-11-14 03:38:09 UTC
ap56ivm0dhw,2021-11-14 00:39:06 UTC
N2hMGEeYR7c,2021-11-13 23:37:46 UTC
7CocCxCPUtE,2021-11-13 19:25:20 UTC
yROYW2J1V2o,2021-11-12 04:40:33 UTC
95zYMNeoEnI,2021-11-12 04:34:09 UTC
3c9Isx-Z-Ww,2021-11-12 04:04:03 UTC
7z52hP26MFs,2021-11-11 23:14:55 UTC
ym129dXPZ1s,2021-11-10 05:50:08 UTC
kB-8rcbJC5U,2021-11-09 09:53:01 UTC
wJnXuCFVGFA,2021-10-31 03:30:41 UTC
VbZXJRwq934,2021-10-29 05:09:05 UTC
X0ipw1k7ygU,2021-10-26 21:41:37 UTC
37ly8tCGFWA,2021-10-24 08:54:34 UTC
1SgNqNqtVqA,2021-10-23 09:17:07 UTC
JTIuEciuOLE,2021-10-22 07:45:48 UTC
GENjgsim2SE,2021-10-20 07:54:54 UTC
AxfjMZbLifQ,2021-10-14 20:24:32 UTC
WYoqVHtKpZM,2021-10-08 20:46:43 UTC
XiDs_UmEDG0,2021-09-26 03:50:53 UTC
MApj8EgyiKw,2021-09-07 11:51:37 UTC
InoAIgBZIEA,2021-05-28 04:21:24 UTC
rznvHMJJxKQ,2021-05-11 03:55:12 UTC
fmf_y8zpOgA,2021-04-27 03:39:41 UTC

